INSERT INTO `message` VALUES (1, '20161101089', '我是陈新宇你是谁啊啊\n');
INSERT INTO `message` VALUES (5, '20161101089', '哦SDK你YY咯楼直接');
INSERT INTO `message` VALUES (7, '20161101089', 'nc您了特服诺一自尊心');
INSERT INTO `message` VALUES (8, '20161101089', 'nc您了特服诺一自尊心');
INSERT INTO `message` VALUES (9, '20161101089', 'nc您了特服诺一自尊心');
INSERT INTO `message` VALUES (10, '20161101089', 'n咯咯lz咯inn破地mix');
INSERT INTO `project` VALUES ('10101', '大学生班级管理系统设计与实现', '10101', '未选中', '计算机科学与技术', '1、熟练掌握简单管理系统的设计步骤以及如何实现所设计的系统；\r\n2、针对不同的用户完成相应的需求；\r\n3、熟练掌握网站的设计及实现过程；\r\n4、掌握app的制作方法；\r\n5、通过数据库、Servlet、JSP整合在一起，从而实现一个从信息收集、处理到查询的完整的处理方案。', '目标：学生通过对这一课题的研究和设计能够从具体的实例中抽象出开发设计所需要的规范化、模块化和系统化的思想，掌握课题分析、设计和实现的基本方法；培养综合运用所学知识和技能，独立分析和解决问题的能力；锻炼基本的研究和论文撰写的能力，培养严谨的工作作风。\r\n要求：熟悉Java，Eclipse，PHP数据库。', '');
INSERT INTO `project` VALUES ('10102', '宠物店管理系统设计与实现', '10102', '未选中', '计算机科学与技术', '2', '', 'AI');
INSERT INTO `project` VALUES ('10103', '旅游预订系统设计与实现', '10103', '未选中', '网络工程', '3', '', '');
INSERT INTO `project` VALUES ('10104', '校园家教系统设计与实现', '10103', '未选中', '计算机科学与技术', '4', '', '');
INSERT INTO `project` VALUES ('10105', '校园物品交易网站设计与实现', '10102', '未选中', '信息安全', '5', '', '');
INSERT INTO `project` VALUES ('10106', '水下图像增强设计与实现', '10103', '未选中', '计算机科学与技术', '6', '', '');
INSERT INTO `project` VALUES ('10107', '网络硬盘的设计与实现', '10102', '未选中', '计算机科学与技术', '7', '', '');
INSERT INTO `project` VALUES ('10108', '酒店预订系统设计与实现', '10101', '未选中', '计算机科学与技术', '8', '', '');
INSERT INTO `project` VALUES ('10109', '鲜果定制网站的设计与实现', '10102', '未选中', '信息安全', '9', '', '');
INSERT INTO `project` VALUES ('10110', '毕业选题系统设计与实现', '10103', '未选中', '网络工程', '10', '', '');
INSERT INTO `project` VALUES ('10111', '牛背图像设计与实现', '10102', '未选中', '信息安全', '11', '', '');
INSERT INTO `student` VALUES ('20161101001', '张琪', '网络工程', '女', '1998-05-14', '20161102@163.com', '234567891');
INSERT INTO `student` VALUES ('20161101002', '王敏', '计科一班', '女', '1998-08-14', '20161103@163.com', '345678912');
INSERT INTO `student` VALUES ('20161101003', '李勇勇', '计科二班', '男', '1996-07-14', '20161104@163.com', '456789123');
INSERT INTO `student` VALUES ('20161101004', '张莉莉', '计科二班', '女', '1998-02-14', '20161105@163.com', '567891234');
INSERT INTO `student` VALUES ('20161101005', '马啸天', '计科二班', '男', '1998-01-14', '20161106@163.com', '678912345');
INSERT INTO `student` VALUES ('20161101007', '韩磊', '计科三班', '男', '1997-09-14', '20161107@163.com', '789123456');
INSERT INTO `student` VALUES ('20161101008', '王红红', '计科三班', '女', '1998-12-14', '20161108@163.com', '891234567');
INSERT INTO `student` VALUES ('20161101009', '吴信', '计科三班', '男', '1999-03-14', '20161109@163.com', '912345678');
INSERT INTO `student` VALUES ('20161101089', '陈新宇', '计算机科学与技术', '男', '1998-03-16', '1120245836@qq.com', '18832284143');
INSERT INTO `teacher` VALUES ('10101', '李楠', '男', '13903378824', '1120245836@163.com', '教授');
INSERT INTO `teacher` VALUES ('10102', '陈丽', '女', '123456782', '10102@163.com', '副教授');
INSERT INTO `teacher` VALUES ('10103', '李鹏', '男', '123456783', '10103@163.com', '教授');
INSERT INTO `user` VALUES ('20161101001', '20161101001', '20161101001');
INSERT INTO `user` VALUES ('20161101002', '20161101002', '20161101002');
INSERT INTO `user` VALUES ('20161101003', '20161101003', '20161101003');
INSERT INTO `user` VALUES ('20161101004', '20161101004', '20161101004');
INSERT INTO `user` VALUES ('20161101005', '20161101005', '20161101005');
INSERT INTO `user` VALUES ('20161101007', '20161101007', '20161101007');
INSERT INTO `user` VALUES ('20161101008', '20161101008', '20161101008');
INSERT INTO `user` VALUES ('20161101009', '20161101009', '20161101009');
INSERT INTO `user` VALUES ('20161101089', '20161101089', '20161101089');
INSERT INTO `voluntary` VALUES ('20161101001', '10103', '10110', NULL, NULL, NULL);
INSERT INTO `voluntary` VALUES ('20161101002', NULL, NULL, NULL, NULL, NULL);
INSERT INTO `voluntary` VALUES ('20161101003', NULL, NULL, NULL, NULL, NULL);
INSERT INTO `voluntary` VALUES ('20161101004', NULL, NULL, NULL, NULL, NULL);
INSERT INTO `voluntary` VALUES ('20161101005', NULL, NULL, NULL, NULL, NULL);
INSERT INTO `voluntary` VALUES ('20161101007', NULL, NULL, NULL, NULL, NULL);
INSERT INTO `voluntary` VALUES ('20161101008', NULL, NULL, NULL, NULL, NULL);
INSERT INTO `voluntary` VALUES ('20161101009', NULL, NULL, NULL, NULL, NULL);
INSERT INTO `voluntary` VALUES ('20161101089', NULL, NULL, NULL, NULL, NULL);
